<?xml version="1.0" encoding="utf-8" ?>
<application xmlns="urn://fgis-arshin.gost.ru/module-verifications/import/2020-06-19">
	<result>
		<miInfo>
                    <singleMI>
                            <mitypeNumber>33541-06</mitypeNumber>
                            <manufactureNum>07-074183АА</manufactureNum>
                            <modification>БЕРЕГУН</modification>
                    </singleMI>
                </miInfo>
		<signCipher>ГСЧ</signCipher>
                    <miOwner>физ. лицо</miOwner>
                    <vrfDate>2021-01-02+03:00</vrfDate>
                    <validDate>2027-01-01+03:00</validDate>
                    <type>2</type>
                    <calibration>false</calibration>
                    <applicable>
                    <signPass>false</signPass>
                    <signMi>false</signMi>
                    </applicable>
                    <docTitle>МИ 1592-2015</docTitle>
		<means>
			<mieta>
                                <number>60661.15.3Р.17821</number>
                        </mieta>
		</means>
		<conditions>
			<temperature>24,2</temperature>
			<pressure>101.1</pressure>
			<hymidity>36</hymidity>
		</conditions>
	</result>
	<result>
		<miInfo>
                    <singleMI>
                            <mitypeNumber>26382-07</mitypeNumber>
                            <manufactureNum>12 335556</manufactureNum>
                            <modification>VALTEC</modification>
                    </singleMI>
                </miInfo>
		<signCipher>ГСЧ</signCipher>
                    <miOwner>физ. лицо</miOwner>
                    <vrfDate>2021-01-02+03:00</vrfDate>
                    <validDate>2027-01-01+03:00</validDate>
                    <type>2</type>
                    <calibration>false</calibration>
                    <applicable>
                    <signPass>false</signPass>
                    <signMi>false</signMi>
                    </applicable>
                    <docTitle>МИ 1592-2015</docTitle>
		<means>
			<mieta>
                                <number>60661.15.3Р.17821</number>
                        </mieta>
		</means>
		<conditions>
			<temperature>24,2</temperature>
			<pressure>101.9</pressure>
			<hymidity>36</hymidity>
		</conditions>
	</result>
	<result>
		<miInfo>
                    <singleMI>
                            <mitypeNumber>37584-08</mitypeNumber>
                            <manufactureNum>12-1560770</manufactureNum>
                            <modification>ITELMA ГВС</modification>
                    </singleMI>
                </miInfo>
		<signCipher>ГСЧ</signCipher>
                    <miOwner>физ. лицо</miOwner>
                    <vrfDate>2021-01-02+03:00</vrfDate>
                    <validDate>2027-01-01+03:00</validDate>
                    <type>2</type>
                    <calibration>false</calibration>
                    <applicable>
                    <signPass>false</signPass>
                    <signMi>false</signMi>
                    </applicable>
                    <docTitle>МИ 1592-2015</docTitle>
		<means>
			<mieta>
                                <number>60661.15.3Р.17821</number>
                        </mieta>
		</means>
		<conditions>
			<temperature>24,2</temperature>
			<pressure>101.5</pressure>
			<hymidity>36</hymidity>
		</conditions>
	</result>
	<result>
		<miInfo>
                    <singleMI>
                            <mitypeNumber>24319-05</mitypeNumber>
                            <manufactureNum>08128092 10</manufactureNum>
                            <modification>св-15и</modification>
                    </singleMI>
                </miInfo>
		<signCipher>ГСЧ</signCipher>
                    <miOwner>физ. лицо</miOwner>
                    <vrfDate>2021-01-02+03:00</vrfDate>
                    <validDate>2027-01-01+03:00</validDate>
                    <type>2</type>
                    <calibration>false</calibration>
                    <applicable>
                    <signPass>false</signPass>
                    <signMi>false</signMi>
                    </applicable>
                    <docTitle>МИ 1592-2015</docTitle>
		<means>
			<mieta>
                                <number>60661.15.3Р.17821</number>
                        </mieta>
		</means>
		<conditions>
			<temperature>24,2</temperature>
			<pressure>101</pressure>
			<hymidity>36</hymidity>
		</conditions>
	</result>
	<result>
		<miInfo>
                    <singleMI>
                            <mitypeNumber>37584-08</mitypeNumber>
                            <manufactureNum>12-1454703</manufactureNum>
                            <modification>ITELMA ГВС</modification>
                    </singleMI>
                </miInfo>
		<signCipher>ГСЧ</signCipher>
                    <miOwner>физ. лицо</miOwner>
                    <vrfDate>2021-01-02+03:00</vrfDate>
                    <validDate>2027-01-01+03:00</validDate>
                    <type>2</type>
                    <calibration>false</calibration>
                    <applicable>
                    <signPass>false</signPass>
                    <signMi>false</signMi>
                    </applicable>
                    <docTitle>МИ 1592-2015</docTitle>
		<means>
			<mieta>
                                <number>60661.15.3Р.17821</number>
                        </mieta>
		</means>
		<conditions>
			<temperature>24,2</temperature>
			<pressure>101.2</pressure>
			<hymidity>36</hymidity>
		</conditions>
	</result>
</application>