<?xml version="1.0" encoding="utf-8" ?>
<application xmlns="urn://fgis-arshin.gost.ru/module-verifications/import/2020-06-19">
	<result>
		<miInfo>
                    <singleMI>
                            <mitypeNumber>765554</mitypeNumber>
                            <manufactureNum>655</manufactureNum>
                            <modification>765</modification>
                    </singleMI>
                </miInfo>
		<signCipher>ГСЧ</signCipher>
                    <miOwner>физ. лицо</miOwner>
                    <vrfDate>2021-01-02+04:00</vrfDate>
                    <validDate>2027-01-01+04:00</validDate>
                    <type>2</type>
                    <calibration>false</calibration>
                    <applicable>
                    <signPass>false</signPass>
                    <signMi>false</signMi>
                    </applicable>
                    <docTitle>Cvbbhgh</docTitle>
		<means>
			<uve>
                                <number>3.2.ДРИ.0001.2019</number>
                        </uve>
		</means>
		<conditions>
			<temperature>24,2</temperature>
			<pressure>101.8</pressure>
			<hymidity>36</hymidity>
		</conditions>
	</result>
	<result>
		<miInfo>
                    <singleMI>
                            <mitypeNumber>51794-12</mitypeNumber>
                            <manufactureNum>023516-2014</manufactureNum>
                            <modification>Всг-15</modification>
                    </singleMI>
                </miInfo>
		<signCipher>ГСЧ</signCipher>
                    <miOwner>физ. лицо</miOwner>
                    <vrfDate>2021-01-02+08:00</vrfDate>
                    <validDate>2027-01-01+08:00</validDate>
                    <type>2</type>
                    <calibration>false</calibration>
                    <applicable>
                    <signPass>false</signPass>
                    <signMi>false</signMi>
                    </applicable>
                    <docTitle>МИ 1592-2015</docTitle>
		<means>
			<npe>
                                <number>гэт63-2019</number>
                        </npe>
		</means>
		<conditions>
			<temperature>24,2</temperature>
			<pressure>101.7</pressure>
			<hymidity>36</hymidity>
		</conditions>
<additional_info>Рег. № 60661-15, ВПУ-Энерго М, зав. № 020.15.492</additional_info>	</result>
	<result>
		<miInfo>
                    <singleMI>
                            <mitypeNumber>16078-13</mitypeNumber>
                            <manufactureNum>14889586</manufactureNum>
                            <modification>сгв-15</modification>
                    </singleMI>
                </miInfo>
		<signCipher>ГСЧ</signCipher>
                    <miOwner>физ. лицо</miOwner>
                    <vrfDate>2021-01-02+07:00</vrfDate>
                    <validDate>2027-01-01+07:00</validDate>
                    <type>2</type>
                    <calibration>false</calibration>
                    <applicable>
                    <signPass>false</signPass>
                    <signMi>false</signMi>
                    </applicable>
                    <docTitle>ми1592-2015</docTitle>
		<means>
			<npe>
                                <number>гэт63-2019</number>
                        </npe>
		</means>
		<conditions>
			<temperature>24,2</temperature>
			<pressure>101.9</pressure>
			<hymidity>36</hymidity>
		</conditions>
<additional_info>Рег. № 60661-15, ВПУ-Энерго М, зав. № 020.15.468</additional_info>	</result>
	<result>
		<miInfo>
                    <singleMI>
                            <mitypeNumber>16078-13</mitypeNumber>
                            <manufactureNum>14889804</manufactureNum>
                            <modification>сгв-15</modification>
                    </singleMI>
                </miInfo>
		<signCipher>ГСЧ</signCipher>
                    <miOwner>физ. лицо</miOwner>
                    <vrfDate>2021-01-02+07:00</vrfDate>
                    <validDate>2027-01-01+07:00</validDate>
                    <type>2</type>
                    <calibration>false</calibration>
                    <applicable>
                    <signPass>false</signPass>
                    <signMi>false</signMi>
                    </applicable>
                    <docTitle>ми1592-2015</docTitle>
		<means>
			<npe>
                                <number>гэт63-2019</number>
                        </npe>
		</means>
		<conditions>
			<temperature>24,2</temperature>
			<pressure>101.8</pressure>
			<hymidity>36</hymidity>
		</conditions>
<additional_info>Рег. № 60661-15, ВПУ-Энерго М, зав. № 020.15.468</additional_info>	</result>
	<result>
		<miInfo>
                    <singleMI>
                            <mitypeNumber>16078-13</mitypeNumber>
                            <manufactureNum>15797833</manufactureNum>
                            <modification>сгв-15</modification>
                    </singleMI>
                </miInfo>
		<signCipher>ГСЧ</signCipher>
                    <miOwner>физ. лицо</miOwner>
                    <vrfDate>2021-01-02+07:00</vrfDate>
                    <validDate>2027-01-01+07:00</validDate>
                    <type>2</type>
                    <calibration>false</calibration>
                    <applicable>
                    <signPass>false</signPass>
                    <signMi>false</signMi>
                    </applicable>
                    <docTitle>ми1592-2015</docTitle>
		<means>
			<npe>
                                <number>гэт63-2019</number>
                        </npe>
		</means>
		<conditions>
			<temperature>24,2</temperature>
			<pressure>101.7</pressure>
			<hymidity>36</hymidity>
		</conditions>
<additional_info>Рег. № 60661-15, ВПУ-Энерго М, зав. № 020.15.468</additional_info>	</result>
	<result>
		<miInfo>
                    <singleMI>
                            <mitypeNumber>16078-13</mitypeNumber>
                            <manufactureNum>43707734</manufactureNum>
                            <modification>сгв-15</modification>
                    </singleMI>
                </miInfo>
		<signCipher>ГСЧ</signCipher>
                    <miOwner>физ. лицо</miOwner>
                    <vrfDate>2021-01-02+07:00</vrfDate>
                    <validDate>2027-01-01+07:00</validDate>
                    <type>2</type>
                    <calibration>false</calibration>
                    <applicable>
                    <signPass>false</signPass>
                    <signMi>false</signMi>
                    </applicable>
                    <docTitle>ми1592-2015</docTitle>
		<means>
			<npe>
                                <number>гэт63-2019</number>
                        </npe>
		</means>
		<conditions>
			<temperature>24,2</temperature>
			<pressure>100.9</pressure>
			<hymidity>36</hymidity>
		</conditions>
<additional_info>Рег. № 60661-15, ВПУ-Энерго М, зав. № 020.15.468</additional_info>	</result>
	<result>
		<miInfo>
                    <singleMI>
                            <mitypeNumber>16078-13</mitypeNumber>
                            <manufactureNum>15799147</manufactureNum>
                            <modification>сгв-15</modification>
                    </singleMI>
                </miInfo>
		<signCipher>ГСЧ</signCipher>
                    <miOwner>физ. лицо</miOwner>
                    <vrfDate>2021-01-02+07:00</vrfDate>
                    <validDate>2027-01-01+07:00</validDate>
                    <type>2</type>
                    <calibration>false</calibration>
                    <applicable>
                    <signPass>false</signPass>
                    <signMi>false</signMi>
                    </applicable>
                    <docTitle>ми1592-2015</docTitle>
		<means>
			<npe>
                                <number>гэт63-2019</number>
                        </npe>
		</means>
		<conditions>
			<temperature>24,2</temperature>
			<pressure>101.3</pressure>
			<hymidity>36</hymidity>
		</conditions>
<additional_info>Рег. № 60661-15, ВПУ-Энерго М, зав. № 020.15.468</additional_info>	</result>
	<result>
		<miInfo>
                    <singleMI>
                            <mitypeNumber>16078-13</mitypeNumber>
                            <manufactureNum>15957925</manufactureNum>
                            <modification>сгв-15</modification>
                    </singleMI>
                </miInfo>
		<signCipher>ГСЧ</signCipher>
                    <miOwner>физ. лицо</miOwner>
                    <vrfDate>2021-01-02+07:00</vrfDate>
                    <validDate>2027-01-01+07:00</validDate>
                    <type>2</type>
                    <calibration>false</calibration>
                    <applicable>
                    <signPass>false</signPass>
                    <signMi>false</signMi>
                    </applicable>
                    <docTitle>ми1592-2015</docTitle>
		<means>
			<npe>
                                <number>гэт63-2019</number>
                        </npe>
		</means>
		<conditions>
			<temperature>24,2</temperature>
			<pressure>101</pressure>
			<hymidity>36</hymidity>
		</conditions>
<additional_info>Рег. № 60661-15, ВПУ-Энерго М, зав. № 020.15.468</additional_info>	</result>
	<result>
		<miInfo>
                    <singleMI>
                            <mitypeNumber>16078-05</mitypeNumber>
                            <manufactureNum>12416275</manufactureNum>
                            <modification>сгв-15</modification>
                    </singleMI>
                </miInfo>
		<signCipher>ГСЧ</signCipher>
                    <miOwner>физ. лицо</miOwner>
                    <vrfDate>2021-01-02+07:00</vrfDate>
                    <validDate>2027-01-01+07:00</validDate>
                    <type>2</type>
                    <calibration>false</calibration>
                    <applicable>
                    <signPass>false</signPass>
                    <signMi>false</signMi>
                    </applicable>
                    <docTitle>ми1592-2015</docTitle>
		<means>
			<npe>
                                <number>гэт63-2019</number>
                        </npe>
		</means>
		<conditions>
			<temperature>24,2</temperature>
			<pressure>101.8</pressure>
			<hymidity>36</hymidity>
		</conditions>
<additional_info>Рег. № 60661-15, ВПУ-Энерго М, зав. № 020.15.468</additional_info>	</result>
	<result>
		<miInfo>
                    <singleMI>
                            <mitypeNumber>16078-13</mitypeNumber>
                            <manufactureNum>16778307</manufactureNum>
                            <modification>сгв-15</modification>
                    </singleMI>
                </miInfo>
		<signCipher>ГСЧ</signCipher>
                    <miOwner>физ. лицо</miOwner>
                    <vrfDate>2021-01-02+07:00</vrfDate>
                    <validDate>2027-01-01+07:00</validDate>
                    <type>2</type>
                    <calibration>false</calibration>
                    <applicable>
                    <signPass>false</signPass>
                    <signMi>false</signMi>
                    </applicable>
                    <docTitle>ми1592-2015</docTitle>
		<means>
			<npe>
                                <number>гэт63-2019</number>
                        </npe>
		</means>
		<conditions>
			<temperature>24,2</temperature>
			<pressure>100.8</pressure>
			<hymidity>36</hymidity>
		</conditions>
<additional_info>Рег. № 60661-15, ВПУ-Энерго М, зав. № 020.15.468</additional_info>	</result>
	<result>
		<miInfo>
                    <singleMI>
                            <mitypeNumber>16078-13</mitypeNumber>
                            <manufactureNum>13249823</manufactureNum>
                            <modification>сгв-15</modification>
                    </singleMI>
                </miInfo>
		<signCipher>ГСЧ</signCipher>
                    <miOwner>физ. лицо</miOwner>
                    <vrfDate>2021-01-02+07:00</vrfDate>
                    <validDate>2027-01-01+07:00</validDate>
                    <type>2</type>
                    <calibration>false</calibration>
                    <applicable>
                    <signPass>false</signPass>
                    <signMi>false</signMi>
                    </applicable>
                    <docTitle>ми1592-2015</docTitle>
		<means>
			<npe>
                                <number>гэт63-2019</number>
                        </npe>
		</means>
		<conditions>
			<temperature>24,2</temperature>
			<pressure>100.8</pressure>
			<hymidity>36</hymidity>
		</conditions>
<additional_info>Рег. № 60661-15, ВПУ-Энерго М, зав. № 020.15.468</additional_info>	</result>
	<result>
		<miInfo>
                    <singleMI>
                            <mitypeNumber>16078-05</mitypeNumber>
                            <manufactureNum>27839107</manufactureNum>
                            <modification>сгв-15</modification>
                    </singleMI>
                </miInfo>
		<signCipher>ГСЧ</signCipher>
                    <miOwner>физ. лицо</miOwner>
                    <vrfDate>2021-01-02+07:00</vrfDate>
                    <validDate>2025-01-01+07:00</validDate>
                    <type>2</type>
                    <calibration>false</calibration>
                    <applicable>
                    <signPass>false</signPass>
                    <signMi>false</signMi>
                    </applicable>
                    <docTitle>ми1592-2015</docTitle>
		<means>
			<npe>
                                <number>гэт63-2019</number>
                        </npe>
		</means>
		<conditions>
			<temperature>24,2</temperature>
			<pressure>101.3</pressure>
			<hymidity>36</hymidity>
		</conditions>
<additional_info>Рег. № 60661-15, ВПУ-Энерго М, зав. № 020.15.468</additional_info>	</result>
	<result>
		<miInfo>
                    <singleMI>
                            <mitypeNumber>16078-13</mitypeNumber>
                            <manufactureNum>15784003</manufactureNum>
                            <modification>сгв-15</modification>
                    </singleMI>
                </miInfo>
		<signCipher>ГСЧ</signCipher>
                    <miOwner>физ. лицо</miOwner>
                    <vrfDate>2021-01-02+07:00</vrfDate>
                    <validDate>2027-01-01+07:00</validDate>
                    <type>2</type>
                    <calibration>false</calibration>
                    <applicable>
                    <signPass>false</signPass>
                    <signMi>false</signMi>
                    </applicable>
                    <docTitle>ми1592-2015</docTitle>
		<means>
			<npe>
                                <number>гэт63-2019</number>
                        </npe>
		</means>
		<conditions>
			<temperature>24,2</temperature>
			<pressure>101.1</pressure>
			<hymidity>36</hymidity>
		</conditions>
<additional_info>Рег. № 60661-15, ВПУ-Энерго М, зав. № 020.15.468</additional_info>	</result>
	<result>
		<miInfo>
                    <singleMI>
                            <mitypeNumber>16078-13</mitypeNumber>
                            <manufactureNum>15974381</manufactureNum>
                            <modification>сгв-15</modification>
                    </singleMI>
                </miInfo>
		<signCipher>ГСЧ</signCipher>
                    <miOwner>физ. лицо</miOwner>
                    <vrfDate>2021-01-02+07:00</vrfDate>
                    <validDate>2027-01-01+07:00</validDate>
                    <type>2</type>
                    <calibration>false</calibration>
                    <applicable>
                    <signPass>false</signPass>
                    <signMi>false</signMi>
                    </applicable>
                    <docTitle>ми1592-2015</docTitle>
		<means>
			<npe>
                                <number>гэт63-2019</number>
                        </npe>
		</means>
		<conditions>
			<temperature>24,2</temperature>
			<pressure>101</pressure>
			<hymidity>36</hymidity>
		</conditions>
<additional_info>Рег. № 60661-15, ВПУ-Энерго М, зав. № 020.15.468</additional_info>	</result>
	<result>
		<miInfo>
                    <singleMI>
                            <mitypeNumber>44572-10</mitypeNumber>
                            <manufactureNum>0255343</manufactureNum>
                            <modification>свк-15г</modification>
                    </singleMI>
                </miInfo>
		<signCipher>ГСЧ</signCipher>
                    <miOwner>физ. лицо</miOwner>
                    <vrfDate>2021-01-02+07:00</vrfDate>
                    <validDate>2025-01-01+07:00</validDate>
                    <type>2</type>
                    <calibration>false</calibration>
                    <applicable>
                    <signPass>false</signPass>
                    <signMi>false</signMi>
                    </applicable>
                    <docTitle>ми1592-2015</docTitle>
		<means>
			<npe>
                                <number>гэт63-2019</number>
                        </npe>
		</means>
		<conditions>
			<temperature>24,2</temperature>
			<pressure>101.4</pressure>
			<hymidity>36</hymidity>
		</conditions>
<additional_info>Рег. № 60661-15, ВПУ-Энерго М, зав. № 020.15.468</additional_info>	</result>
	<result>
		<miInfo>
                    <singleMI>
                            <mitypeNumber>16078-13</mitypeNumber>
                            <manufactureNum>14235683</manufactureNum>
                            <modification>схв-15</modification>
                    </singleMI>
                </miInfo>
		<signCipher>ГСЧ</signCipher>
                    <miOwner>физ. лицо</miOwner>
                    <vrfDate>2021-01-02+07:00</vrfDate>
                    <validDate>2027-01-01+07:00</validDate>
                    <type>2</type>
                    <calibration>false</calibration>
                    <applicable>
                    <signPass>false</signPass>
                    <signMi>false</signMi>
                    </applicable>
                    <docTitle>ми1592-2015</docTitle>
		<means>
			<npe>
                                <number>гэт63-2019</number>
                        </npe>
		</means>
		<conditions>
			<temperature>24,2</temperature>
			<pressure>101.3</pressure>
			<hymidity>36</hymidity>
		</conditions>
<additional_info>Рег. № 60661-15, ВПУ-Энерго М, зав. № 020.15.468</additional_info>	</result>
	<result>
		<miInfo>
                    <singleMI>
                            <mitypeNumber>16078-05</mitypeNumber>
                            <manufactureNum>27840313</manufactureNum>
                            <modification>сгв-15</modification>
                    </singleMI>
                </miInfo>
		<signCipher>ГСЧ</signCipher>
                    <miOwner>физ. лицо</miOwner>
                    <vrfDate>2021-01-02+07:00</vrfDate>
                    <validDate>2025-01-01+07:00</validDate>
                    <type>2</type>
                    <calibration>false</calibration>
                    <applicable>
                    <signPass>false</signPass>
                    <signMi>false</signMi>
                    </applicable>
                    <docTitle>ми1592-2015</docTitle>
		<means>
			<npe>
                                <number>гэт63-2019</number>
                        </npe>
		</means>
		<conditions>
			<temperature>24,2</temperature>
			<pressure>101.4</pressure>
			<hymidity>36</hymidity>
		</conditions>
<additional_info>Рег. № 60661-15, ВПУ-Энерго М, зав. № 020.15.468</additional_info>	</result>
	<result>
		<miInfo>
                    <singleMI>
                            <mitypeNumber>16078-13</mitypeNumber>
                            <manufactureNum>14550316</manufactureNum>
                            <modification>схв-15</modification>
                    </singleMI>
                </miInfo>
		<signCipher>ГСЧ</signCipher>
                    <miOwner>физ. лицо</miOwner>
                    <vrfDate>2021-01-02+07:00</vrfDate>
                    <validDate>2027-01-01+07:00</validDate>
                    <type>2</type>
                    <calibration>false</calibration>
                    <applicable>
                    <signPass>false</signPass>
                    <signMi>false</signMi>
                    </applicable>
                    <docTitle>ми1592-2015</docTitle>
		<means>
			<npe>
                                <number>гэт63-2019</number>
                        </npe>
		</means>
		<conditions>
			<temperature>24,2</temperature>
			<pressure>101.2</pressure>
			<hymidity>36</hymidity>
		</conditions>
<additional_info>Рег. № 60661-15, ВПУ-Энерго М, зав. № 020.15.468</additional_info>	</result>
	<result>
		<miInfo>
                    <singleMI>
                            <mitypeNumber>16078-13</mitypeNumber>
                            <manufactureNum>15013894</manufactureNum>
                            <modification>сгв-15</modification>
                    </singleMI>
                </miInfo>
		<signCipher>ГСЧ</signCipher>
                    <miOwner>физ. лицо</miOwner>
                    <vrfDate>2021-01-02+07:00</vrfDate>
                    <validDate>2027-01-01+07:00</validDate>
                    <type>2</type>
                    <calibration>false</calibration>
                    <applicable>
                    <signPass>false</signPass>
                    <signMi>false</signMi>
                    </applicable>
                    <docTitle>ми1592-2015</docTitle>
		<means>
			<npe>
                                <number>гэт63-2019</number>
                        </npe>
		</means>
		<conditions>
			<temperature>24,2</temperature>
			<pressure>100.8</pressure>
			<hymidity>36</hymidity>
		</conditions>
<additional_info>Рег. № 60661-15, ВПУ-Энерго М, зав. № 020.15.468</additional_info>	</result>
	<result>
		<miInfo>
                    <singleMI>
                            <mitypeNumber>16078-13</mitypeNumber>
                            <manufactureNum>15013891</manufactureNum>
                            <modification>сгв-15</modification>
                    </singleMI>
                </miInfo>
		<signCipher>ГСЧ</signCipher>
                    <miOwner>физ. лицо</miOwner>
                    <vrfDate>2021-01-02+07:00</vrfDate>
                    <validDate>2027-01-01+07:00</validDate>
                    <type>2</type>
                    <calibration>false</calibration>
                    <applicable>
                    <signPass>false</signPass>
                    <signMi>false</signMi>
                    </applicable>
                    <docTitle>ми1592-2015</docTitle>
		<means>
			<npe>
                                <number>гэт63-2019</number>
                        </npe>
		</means>
		<conditions>
			<temperature>24,2</temperature>
			<pressure>101.6</pressure>
			<hymidity>36</hymidity>
		</conditions>
<additional_info>Рег. № 60661-15, ВПУ-Энерго М, зав. № 020.15.468</additional_info>	</result>
	<result>
		<miInfo>
                    <singleMI>
                            <mitypeNumber>16078-13</mitypeNumber>
                            <manufactureNum>23795837</manufactureNum>
                            <modification>сгв-15</modification>
                    </singleMI>
                </miInfo>
		<signCipher>ГСЧ</signCipher>
                    <miOwner>физ. лицо</miOwner>
                    <vrfDate>2021-01-02+07:00</vrfDate>
                    <validDate>2027-01-01+07:00</validDate>
                    <type>2</type>
                    <calibration>false</calibration>
                    <applicable>
                    <signPass>false</signPass>
                    <signMi>false</signMi>
                    </applicable>
                    <docTitle>ми1592-2015</docTitle>
		<means>
			<npe>
                                <number>гэт63-2019</number>
                        </npe>
		</means>
		<conditions>
			<temperature>24,2</temperature>
			<pressure>101.3</pressure>
			<hymidity>36</hymidity>
		</conditions>
<additional_info>Рег. № 60661-15, ВПУ-Энерго М, зав. № 020.15.468</additional_info>	</result>
	<result>
		<miInfo>
                    <singleMI>
                            <mitypeNumber>16078-13</mitypeNumber>
                            <manufactureNum>24724471</manufactureNum>
                            <modification>сгв-15</modification>
                    </singleMI>
                </miInfo>
		<signCipher>ГСЧ</signCipher>
                    <miOwner>физ. лицо</miOwner>
                    <vrfDate>2021-01-02+07:00</vrfDate>
                    <validDate>2027-01-01+07:00</validDate>
                    <type>2</type>
                    <calibration>false</calibration>
                    <applicable>
                    <signPass>false</signPass>
                    <signMi>false</signMi>
                    </applicable>
                    <docTitle>ми1592-2015</docTitle>
		<means>
			<npe>
                                <number>гэт63-2019</number>
                        </npe>
		</means>
		<conditions>
			<temperature>24,2</temperature>
			<pressure>100.8</pressure>
			<hymidity>36</hymidity>
		</conditions>
<additional_info>Рег. № 60661-15, ВПУ-Энерго М, зав. № 020.15.468</additional_info>	</result>
	<result>
		<miInfo>
                    <singleMI>
                            <mitypeNumber>48411-11</mitypeNumber>
                            <manufactureNum>146941114</manufactureNum>
                            <modification>сву-15</modification>
                    </singleMI>
                </miInfo>
		<signCipher>ГСЧ</signCipher>
                    <miOwner>физ. лицо</miOwner>
                    <vrfDate>2021-01-02+07:00</vrfDate>
                    <validDate>2027-01-01+07:00</validDate>
                    <type>2</type>
                    <calibration>false</calibration>
                    <applicable>
                    <signPass>false</signPass>
                    <signMi>false</signMi>
                    </applicable>
                    <docTitle>гост8.156-83</docTitle>
		<means>
			<npe>
                                <number>гэт63-2019</number>
                        </npe>
		</means>
		<conditions>
			<temperature>24,2</temperature>
			<pressure>101.4</pressure>
			<hymidity>36</hymidity>
		</conditions>
<additional_info>Рег. № 60661-15, ВПУ-Энерго М, зав. № 020.15.468</additional_info>	</result>
	<result>
		<miInfo>
                    <singleMI>
                            <mitypeNumber>48411-11</mitypeNumber>
                            <manufactureNum>146938714</manufactureNum>
                            <modification>сву-15</modification>
                    </singleMI>
                </miInfo>
		<signCipher>ГСЧ</signCipher>
                    <miOwner>физ. лицо</miOwner>
                    <vrfDate>2021-01-02+07:00</vrfDate>
                    <validDate>2027-01-01+07:00</validDate>
                    <type>2</type>
                    <calibration>false</calibration>
                    <applicable>
                    <signPass>false</signPass>
                    <signMi>false</signMi>
                    </applicable>
                    <docTitle>гост8.156-83</docTitle>
		<means>
			<npe>
                                <number>гэт63-2019</number>
                        </npe>
		</means>
		<conditions>
			<temperature>24,2</temperature>
			<pressure>101.4</pressure>
			<hymidity>36</hymidity>
		</conditions>
<additional_info>Рег. № 60661-15, ВПУ-Энерго М, зав. № 020.15.468</additional_info>	</result>
	<result>
		<miInfo>
                    <singleMI>
                            <mitypeNumber>16078-13</mitypeNumber>
                            <manufactureNum>13771840</manufactureNum>
                            <modification>сгв-15</modification>
                    </singleMI>
                </miInfo>
		<signCipher>ГСЧ</signCipher>
                    <miOwner>физ. лицо</miOwner>
                    <vrfDate>2021-01-02+07:00</vrfDate>
                    <validDate>2027-01-01+07:00</validDate>
                    <type>2</type>
                    <calibration>false</calibration>
                    <applicable>
                    <signPass>false</signPass>
                    <signMi>false</signMi>
                    </applicable>
                    <docTitle>ми1592-2015</docTitle>
		<means>
			<npe>
                                <number>гэт63-2019</number>
                        </npe>
		</means>
		<conditions>
			<temperature>24,2</temperature>
			<pressure>101.4</pressure>
			<hymidity>36</hymidity>
		</conditions>
<additional_info>Рег. № 60661-15, ВПУ-Энерго М, зав. № 020.15.468</additional_info>	</result>
	<result>
		<miInfo>
                    <singleMI>
                            <mitypeNumber>16078-13</mitypeNumber>
                            <manufactureNum>13770607</manufactureNum>
                            <modification>сгв-15</modification>
                    </singleMI>
                </miInfo>
		<signCipher>ГСЧ</signCipher>
                    <miOwner>физ. лицо</miOwner>
                    <vrfDate>2021-01-02+07:00</vrfDate>
                    <validDate>2027-01-01+07:00</validDate>
                    <type>2</type>
                    <calibration>false</calibration>
                    <applicable>
                    <signPass>false</signPass>
                    <signMi>false</signMi>
                    </applicable>
                    <docTitle>ми1592-2015</docTitle>
		<means>
			<npe>
                                <number>гэт63-2019</number>
                        </npe>
		</means>
		<conditions>
			<temperature>24,2</temperature>
			<pressure>101.3</pressure>
			<hymidity>36</hymidity>
		</conditions>
<additional_info>Рег. № 60661-15, ВПУ-Энерго М, зав. № 020.15.468</additional_info>	</result>
	<result>
		<miInfo>
                    <singleMI>
                            <mitypeNumber>16078-13</mitypeNumber>
                            <manufactureNum>12430176</manufactureNum>
                            <modification>сгв-15</modification>
                    </singleMI>
                </miInfo>
		<signCipher>ГСЧ</signCipher>
                    <miOwner>физ. лицо</miOwner>
                    <vrfDate>2021-01-02+07:00</vrfDate>
                    <validDate>2027-01-01+07:00</validDate>
                    <type>2</type>
                    <calibration>false</calibration>
                    <applicable>
                    <signPass>false</signPass>
                    <signMi>false</signMi>
                    </applicable>
                    <docTitle>ми1592-2015</docTitle>
		<means>
			<npe>
                                <number>гэт63-2019</number>
                        </npe>
		</means>
		<conditions>
			<temperature>24,2</temperature>
			<pressure>101.7</pressure>
			<hymidity>36</hymidity>
		</conditions>
<additional_info>Рег. № 60661-15, ВПУ-Энерго М, зав. № 020.15.468</additional_info>	</result>
	<result>
		<miInfo>
                    <singleMI>
                            <mitypeNumber>16078-13</mitypeNumber>
                            <manufactureNum>13771816</manufactureNum>
                            <modification>сгв-15</modification>
                    </singleMI>
                </miInfo>
		<signCipher>ГСЧ</signCipher>
                    <miOwner>физ. лицо</miOwner>
                    <vrfDate>2021-01-02+07:00</vrfDate>
                    <validDate>2027-01-01+07:00</validDate>
                    <type>2</type>
                    <calibration>false</calibration>
                    <applicable>
                    <signPass>false</signPass>
                    <signMi>false</signMi>
                    </applicable>
                    <docTitle>ми1592-2015</docTitle>
		<means>
			<npe>
                                <number>гэт63-2019</number>
                        </npe>
		</means>
		<conditions>
			<temperature>24,2</temperature>
			<pressure>101.5</pressure>
			<hymidity>36</hymidity>
		</conditions>
<additional_info>Рег. № 60661-15, ВПУ-Энерго М, зав. № 020.15.468</additional_info>	</result>
	<result>
		<miInfo>
                    <singleMI>
                            <mitypeNumber>16078-13</mitypeNumber>
                            <manufactureNum>14675380</manufactureNum>
                            <modification>сгв-15</modification>
                    </singleMI>
                </miInfo>
		<signCipher>ГСЧ</signCipher>
                    <miOwner>физ. лицо</miOwner>
                    <vrfDate>2021-01-02+07:00</vrfDate>
                    <validDate>2027-01-01+07:00</validDate>
                    <type>2</type>
                    <calibration>false</calibration>
                    <applicable>
                    <signPass>false</signPass>
                    <signMi>false</signMi>
                    </applicable>
                    <docTitle>ми1592-2015</docTitle>
		<means>
			<npe>
                                <number>гэт63-2019</number>
                        </npe>
		</means>
		<conditions>
			<temperature>24,2</temperature>
			<pressure>100.9</pressure>
			<hymidity>36</hymidity>
		</conditions>
<additional_info>Рег. № 60661-15, ВПУ-Энерго М, зав. № 020.15.468</additional_info>	</result>
	<result>
		<miInfo>
                    <singleMI>
                            <mitypeNumber>16078-13</mitypeNumber>
                            <manufactureNum>14725646</manufactureNum>
                            <modification>сгв-15</modification>
                    </singleMI>
                </miInfo>
		<signCipher>ГСЧ</signCipher>
                    <miOwner>физ. лицо</miOwner>
                    <vrfDate>2021-01-02+07:00</vrfDate>
                    <validDate>2027-01-01+07:00</validDate>
                    <type>2</type>
                    <calibration>false</calibration>
                    <applicable>
                    <signPass>false</signPass>
                    <signMi>false</signMi>
                    </applicable>
                    <docTitle>ми1592-2015</docTitle>
		<means>
			<npe>
                                <number>гэт63-2019</number>
                        </npe>
		</means>
		<conditions>
			<temperature>24,2</temperature>
			<pressure>101.4</pressure>
			<hymidity>36</hymidity>
		</conditions>
<additional_info>Рег. № 60661-15, ВПУ-Энерго М, зав. № 020.15.468</additional_info>	</result>
	<result>
		<miInfo>
                    <singleMI>
                            <mitypeNumber>16078-13</mitypeNumber>
                            <manufactureNum>15584265</manufactureNum>
                            <modification>сгв-15</modification>
                    </singleMI>
                </miInfo>
		<signCipher>ГСЧ</signCipher>
                    <miOwner>физ. лицо</miOwner>
                    <vrfDate>2021-01-02+07:00</vrfDate>
                    <validDate>2027-01-01+07:00</validDate>
                    <type>2</type>
                    <calibration>false</calibration>
                    <applicable>
                    <signPass>false</signPass>
                    <signMi>false</signMi>
                    </applicable>
                    <docTitle>ми1592-2015</docTitle>
		<means>
			<npe>
                                <number>гэт63-2019</number>
                        </npe>
		</means>
		<conditions>
			<temperature>24,2</temperature>
			<pressure>101.5</pressure>
			<hymidity>36</hymidity>
		</conditions>
<additional_info>Рег. № 60661-15, ВПУ-Энерго М, зав. № 020.15.468</additional_info>	</result>
	<result>
		<miInfo>
                    <singleMI>
                            <mitypeNumber>16078-13</mitypeNumber>
                            <manufactureNum>15584374</manufactureNum>
                            <modification>сгв-15</modification>
                    </singleMI>
                </miInfo>
		<signCipher>ГСЧ</signCipher>
                    <miOwner>физ. лицо</miOwner>
                    <vrfDate>2021-01-02+07:00</vrfDate>
                    <validDate>2027-01-01+07:00</validDate>
                    <type>2</type>
                    <calibration>false</calibration>
                    <applicable>
                    <signPass>false</signPass>
                    <signMi>false</signMi>
                    </applicable>
                    <docTitle>ми1592-2015</docTitle>
		<means>
			<npe>
                                <number>гэт63-2019</number>
                        </npe>
		</means>
		<conditions>
			<temperature>24,2</temperature>
			<pressure>100.9</pressure>
			<hymidity>36</hymidity>
		</conditions>
<additional_info>Рег. № 60661-15, ВПУ-Энерго М, зав. № 020.15.468</additional_info>	</result>
	<result>
		<miInfo>
                    <singleMI>
                            <mitypeNumber>16078-13</mitypeNumber>
                            <manufactureNum>15584270</manufactureNum>
                            <modification>сгв-15</modification>
                    </singleMI>
                </miInfo>
		<signCipher>ГСЧ</signCipher>
                    <miOwner>физ. лицо</miOwner>
                    <vrfDate>2021-01-02+07:00</vrfDate>
                    <validDate>2027-01-01+07:00</validDate>
                    <type>2</type>
                    <calibration>false</calibration>
                    <applicable>
                    <signPass>false</signPass>
                    <signMi>false</signMi>
                    </applicable>
                    <docTitle>ми1592-2015</docTitle>
		<means>
			<npe>
                                <number>гэт63-2019</number>
                        </npe>
		</means>
		<conditions>
			<temperature>24,2</temperature>
			<pressure>100.8</pressure>
			<hymidity>36</hymidity>
		</conditions>
<additional_info>Рег. № 60661-15, ВПУ-Энерго М, зав. № 020.15.468</additional_info>	</result>
	<result>
		<miInfo>
                    <singleMI>
                            <mitypeNumber>16078-13</mitypeNumber>
                            <manufactureNum>15584306</manufactureNum>
                            <modification>сгв-15</modification>
                    </singleMI>
                </miInfo>
		<signCipher>ГСЧ</signCipher>
                    <miOwner>физ. лицо</miOwner>
                    <vrfDate>2021-01-02+07:00</vrfDate>
                    <validDate>2027-01-01+07:00</validDate>
                    <type>2</type>
                    <calibration>false</calibration>
                    <applicable>
                    <signPass>false</signPass>
                    <signMi>false</signMi>
                    </applicable>
                    <docTitle>ми1592-2015</docTitle>
		<means>
			<npe>
                                <number>гэт63-2019</number>
                        </npe>
		</means>
		<conditions>
			<temperature>24,2</temperature>
			<pressure>101.4</pressure>
			<hymidity>36</hymidity>
		</conditions>
<additional_info>Рег. № 60661-15, ВПУ-Энерго М, зав. № 020.15.468</additional_info>	</result>
	<result>
		<miInfo>
                    <singleMI>
                            <mitypeNumber>16078-13</mitypeNumber>
                            <manufactureNum>15584347</manufactureNum>
                            <modification>сгв-15</modification>
                    </singleMI>
                </miInfo>
		<signCipher>ГСЧ</signCipher>
                    <miOwner>физ. лицо</miOwner>
                    <vrfDate>2021-01-02+07:00</vrfDate>
                    <validDate>2027-01-01+07:00</validDate>
                    <type>2</type>
                    <calibration>false</calibration>
                    <applicable>
                    <signPass>false</signPass>
                    <signMi>false</signMi>
                    </applicable>
                    <docTitle>ми1592-2015</docTitle>
		<means>
			<npe>
                                <number>гэт63-2019</number>
                        </npe>
		</means>
		<conditions>
			<temperature>24,2</temperature>
			<pressure>101.6</pressure>
			<hymidity>36</hymidity>
		</conditions>
<additional_info>Рег. № 60661-15, ВПУ-Энерго М, зав. № 020.15.468</additional_info>	</result>
	<result>
		<miInfo>
                    <singleMI>
                            <mitypeNumber>16078-13</mitypeNumber>
                            <manufactureNum>14867164</manufactureNum>
                            <modification>сгв-15</modification>
                    </singleMI>
                </miInfo>
		<signCipher>ГСЧ</signCipher>
                    <miOwner>физ. лицо</miOwner>
                    <vrfDate>2021-01-02+07:00</vrfDate>
                    <validDate>2027-01-01+07:00</validDate>
                    <type>2</type>
                    <calibration>false</calibration>
                    <applicable>
                    <signPass>false</signPass>
                    <signMi>false</signMi>
                    </applicable>
                    <docTitle>ми1592-2015</docTitle>
		<means>
			<npe>
                                <number>гэт63-2019</number>
                        </npe>
		</means>
		<conditions>
			<temperature>24,2</temperature>
			<pressure>101.2</pressure>
			<hymidity>36</hymidity>
		</conditions>
<additional_info>Рег. № 60661-15, ВПУ-Энерго М, зав. № 020.15.468</additional_info>	</result>
	<result>
		<miInfo>
                    <singleMI>
                            <mitypeNumber>16078-13</mitypeNumber>
                            <manufactureNum>14867264</manufactureNum>
                            <modification>сгв-15</modification>
                    </singleMI>
                </miInfo>
		<signCipher>ГСЧ</signCipher>
                    <miOwner>физ. лицо</miOwner>
                    <vrfDate>2021-01-02+07:00</vrfDate>
                    <validDate>2027-01-01+07:00</validDate>
                    <type>2</type>
                    <calibration>false</calibration>
                    <applicable>
                    <signPass>false</signPass>
                    <signMi>false</signMi>
                    </applicable>
                    <docTitle>ми1592-2015</docTitle>
		<means>
			<npe>
                                <number>гэт63-2019</number>
                        </npe>
		</means>
		<conditions>
			<temperature>24,2</temperature>
			<pressure>100.9</pressure>
			<hymidity>36</hymidity>
		</conditions>
<additional_info>Рег. № 60661-15, ВПУ-Энерго М, зав. № 020.15.468</additional_info>	</result>
	<result>
		<miInfo>
                    <singleMI>
                            <mitypeNumber>16078-13</mitypeNumber>
                            <manufactureNum>14296555</manufactureNum>
                            <modification>сгв-15</modification>
                    </singleMI>
                </miInfo>
		<signCipher>ГСЧ</signCipher>
                    <miOwner>физ. лицо</miOwner>
                    <vrfDate>2021-01-02+07:00</vrfDate>
                    <validDate>2027-01-01+07:00</validDate>
                    <type>2</type>
                    <calibration>false</calibration>
                    <applicable>
                    <signPass>false</signPass>
                    <signMi>false</signMi>
                    </applicable>
                    <docTitle>ми1592-2015</docTitle>
		<means>
			<npe>
                                <number>гэт63-2019</number>
                        </npe>
		</means>
		<conditions>
			<temperature>24,2</temperature>
			<pressure>101.8</pressure>
			<hymidity>36</hymidity>
		</conditions>
<additional_info>Рег. № 60661-15, ВПУ-Энерго М, зав. № 020.15.468</additional_info>	</result>
	<result>
		<miInfo>
                    <singleMI>
                            <mitypeNumber>16078-13</mitypeNumber>
                            <manufactureNum>14296529</manufactureNum>
                            <modification>сгв-15</modification>
                    </singleMI>
                </miInfo>
		<signCipher>ГСЧ</signCipher>
                    <miOwner>физ. лицо</miOwner>
                    <vrfDate>2021-01-02+07:00</vrfDate>
                    <validDate>2027-01-01+07:00</validDate>
                    <type>2</type>
                    <calibration>false</calibration>
                    <applicable>
                    <signPass>false</signPass>
                    <signMi>false</signMi>
                    </applicable>
                    <docTitle>ми1592-2015</docTitle>
		<means>
			<npe>
                                <number>гэт63-2019</number>
                        </npe>
		</means>
		<conditions>
			<temperature>24,2</temperature>
			<pressure>101.4</pressure>
			<hymidity>36</hymidity>
		</conditions>
<additional_info>Рег. № 60661-15, ВПУ-Энерго М, зав. № 020.15.468</additional_info>	</result>
	<result>
		<miInfo>
                    <singleMI>
                            <mitypeNumber>16078-13</mitypeNumber>
                            <manufactureNum>15308803</manufactureNum>
                            <modification>сгв-15</modification>
                    </singleMI>
                </miInfo>
		<signCipher>ГСЧ</signCipher>
                    <miOwner>физ. лицо</miOwner>
                    <vrfDate>2021-01-02+07:00</vrfDate>
                    <validDate>2027-01-01+07:00</validDate>
                    <type>2</type>
                    <calibration>false</calibration>
                    <applicable>
                    <signPass>false</signPass>
                    <signMi>false</signMi>
                    </applicable>
                    <docTitle>ми1592-2015</docTitle>
		<means>
			<npe>
                                <number>гэт63-2019</number>
                        </npe>
		</means>
		<conditions>
			<temperature>24,2</temperature>
			<pressure>101.9</pressure>
			<hymidity>36</hymidity>
		</conditions>
<additional_info>Рег. № 60661-15, ВПУ-Энерго М, зав. № 020.15.468</additional_info>	</result>
	<result>
		<miInfo>
                    <singleMI>
                            <mitypeNumber>16078-13</mitypeNumber>
                            <manufactureNum>17216807</manufactureNum>
                            <modification>схв-15</modification>
                    </singleMI>
                </miInfo>
		<signCipher>ГСЧ</signCipher>
                    <miOwner>физ. лицо</miOwner>
                    <vrfDate>2021-01-02+07:00</vrfDate>
                    <validDate>2027-01-01+07:00</validDate>
                    <type>2</type>
                    <calibration>false</calibration>
                    <applicable>
                    <signPass>false</signPass>
                    <signMi>false</signMi>
                    </applicable>
                    <docTitle>ми1592-2015</docTitle>
		<means>
			<npe>
                                <number>гэт63-2019</number>
                        </npe>
		</means>
		<conditions>
			<temperature>24,2</temperature>
			<pressure>100.9</pressure>
			<hymidity>36</hymidity>
		</conditions>
<additional_info>Рег. № 60661-15, ВПУ-Энерго М, зав. № 020.15.468</additional_info>	</result>
	<result>
		<miInfo>
                    <singleMI>
                            <mitypeNumber>16078-13</mitypeNumber>
                            <manufactureNum>16337855</manufactureNum>
                            <modification>сгв-15</modification>
                    </singleMI>
                </miInfo>
		<signCipher>ГСЧ</signCipher>
                    <miOwner>физ. лицо</miOwner>
                    <vrfDate>2021-01-02+07:00</vrfDate>
                    <validDate>2027-01-01+07:00</validDate>
                    <type>2</type>
                    <calibration>false</calibration>
                    <applicable>
                    <signPass>false</signPass>
                    <signMi>false</signMi>
                    </applicable>
                    <docTitle>ми1592-2015</docTitle>
		<means>
			<npe>
                                <number>гэт63-2019</number>
                        </npe>
		</means>
		<conditions>
			<temperature>24,2</temperature>
			<pressure>100.9</pressure>
			<hymidity>36</hymidity>
		</conditions>
<additional_info>Рег. № 60661-15, ВПУ-Энерго М, зав. № 020.15.468</additional_info>	</result>
	<result>
		<miInfo>
                    <singleMI>
                            <mitypeNumber>13869-13</mitypeNumber>
                            <manufactureNum>11881061</manufactureNum>
                            <modification>СГВ-15</modification>
                    </singleMI>
                </miInfo>
		<signCipher>ГСЧ</signCipher>
                    <miOwner>физ. лицо</miOwner>
                    <vrfDate>2021-01-02+03:00</vrfDate>
                    <validDate>2027-01-01+03:00</validDate>
                    <type>2</type>
                    <calibration>false</calibration>
                    <applicable>
                    <signPass>false</signPass>
                    <signMi>false</signMi>
                    </applicable>
                    <docTitle>Ми 1592-2015</docTitle>
		<means>
			<npe>
                                <number>гэт63-2019</number>
                        </npe>
		</means>
		<conditions>
			<temperature>24,2</temperature>
			<pressure>101.6</pressure>
			<hymidity>36</hymidity>
		</conditions>
<additional_info>Рег. № 60661-15, ВПУ-Энерго М, зав. № 020.15.800</additional_info>	</result>
	<result>
		<miInfo>
                    <singleMI>
                            <mitypeNumber>13869-13</mitypeNumber>
                            <manufactureNum>11881030</manufactureNum>
                            <modification>СГВ-15</modification>
                    </singleMI>
                </miInfo>
		<signCipher>ГСЧ</signCipher>
                    <miOwner>физ. лицо</miOwner>
                    <vrfDate>2021-01-02+03:00</vrfDate>
                    <validDate>2027-01-01+03:00</validDate>
                    <type>2</type>
                    <calibration>false</calibration>
                    <applicable>
                    <signPass>false</signPass>
                    <signMi>false</signMi>
                    </applicable>
                    <docTitle>Ми 1592-2015</docTitle>
		<means>
			<npe>
                                <number>гэт63-2019</number>
                        </npe>
		</means>
		<conditions>
			<temperature>24,2</temperature>
			<pressure>101.2</pressure>
			<hymidity>36</hymidity>
		</conditions>
<additional_info>Рег. № 60661-15, ВПУ-Энерго М, зав. № 020.15.800</additional_info>	</result>
	<result>
		<miInfo>
                    <singleMI>
                            <mitypeNumber>13869-13</mitypeNumber>
                            <manufactureNum>11878689</manufactureNum>
                            <modification>СГВ-15</modification>
                    </singleMI>
                </miInfo>
		<signCipher>ГСЧ</signCipher>
                    <miOwner>физ. лицо</miOwner>
                    <vrfDate>2021-01-02+03:00</vrfDate>
                    <validDate>2027-01-01+03:00</validDate>
                    <type>2</type>
                    <calibration>false</calibration>
                    <applicable>
                    <signPass>false</signPass>
                    <signMi>false</signMi>
                    </applicable>
                    <docTitle>Ми 1592-2015</docTitle>
		<means>
			<npe>
                                <number>гэт63-2019</number>
                        </npe>
		</means>
		<conditions>
			<temperature>24,2</temperature>
			<pressure>101.1</pressure>
			<hymidity>36</hymidity>
		</conditions>
<additional_info>Рег. № 60661-15, ВПУ-Энерго М, зав. № 020.15.800</additional_info>	</result>
	<result>
		<miInfo>
                    <singleMI>
                            <mitypeNumber>13869-13</mitypeNumber>
                            <manufactureNum>13128265</manufactureNum>
                            <modification>СГВ-15</modification>
                    </singleMI>
                </miInfo>
		<signCipher>ГСЧ</signCipher>
                    <miOwner>физ. лицо</miOwner>
                    <vrfDate>2021-01-02+03:00</vrfDate>
                    <validDate>2027-01-01+03:00</validDate>
                    <type>2</type>
                    <calibration>false</calibration>
                    <applicable>
                    <signPass>false</signPass>
                    <signMi>false</signMi>
                    </applicable>
                    <docTitle>Ми 1592-2015</docTitle>
		<means>
			<npe>
                                <number>гэт63-2019</number>
                        </npe>
		</means>
		<conditions>
			<temperature>24,2</temperature>
			<pressure>101</pressure>
			<hymidity>36</hymidity>
		</conditions>
<additional_info>Рег. № 60661-15, ВПУ-Энерго М, зав. № 020.15.800</additional_info>	</result>
</application>